{"cameraMode":{"drawMode":0,"name":"Shaded","section":"Shading Mode"},"sceneLighting":false,"audioPlay":false,"sceneViewState":{"m_AlwaysRefresh":false,"showFog":false,"showSkybox":true,"showFlares":true,"showImageEffects":true,"showParticleSystems":true,"showVisualEffectGraphs":true,"m_FxEnabled":true},"in2DMode":false,"pivot":{"x":-4.3944172859191898,"y":1.6619906425476075,"z":-10.188654899597168},"rotation":{"x":0.22457419335842133,"y":0.21768176555633546,"z":-0.0515395887196064,"w":0.9484397768974304},"size":8.372915267944336,"orthographic":false}