{"cameraMode":{"drawMode":0,"name":"Shaded","section":"Shading Mode"},"sceneLighting":false,"audioPlay":false,"sceneViewState":{"m_AlwaysRefresh":false,"showFog":false,"showSkybox":true,"showFlares":true,"showImageEffects":true,"showParticleSystems":true,"showVisualEffectGraphs":true,"m_FxEnabled":true},"in2DMode":false,"pivot":{"x":0.4472314119338989,"y":10.079832077026368,"z":66.27555847167969},"rotation":{"x":0.6307308673858643,"y":0.002795120468363166,"z":-0.002271869918331504,"w":0.7759933471679688},"size":22.376773834228517,"orthographic":false}