{"cameraMode":{"drawMode":0,"name":"Shaded","section":"Shading Mode"},"sceneLighting":false,"audioPlay":false,"sceneViewState":{"m_AlwaysRefresh":false,"showFog":false,"showSkybox":true,"showFlares":true,"showImageEffects":true,"showParticleSystems":true,"showVisualEffectGraphs":true,"m_FxEnabled":true},"in2DMode":false,"pivot":{"x":-0.10221290588378906,"y":16.767898559570314,"z":112.57057189941406},"rotation":{"x":0.16138778626918794,"y":0.27574092149734499,"z":-0.04701906815171242,"w":0.9464280009269714},"size":21.03215789794922,"orthographic":false}