{"cameraMode":{"drawMode":0,"name":"Shaded","section":"Shading Mode"},"sceneLighting":false,"audioPlay":false,"sceneViewState":{"m_AlwaysRefresh":false,"showFog":false,"showSkybox":true,"showFlares":true,"showImageEffects":true,"showParticleSystems":true,"showVisualEffectGraphs":true,"m_FxEnabled":true},"in2DMode":false,"pivot":{"x":-0.048294901847839358,"y":1.9110389947891236,"z":-118.3314208984375},"rotation":{"x":-0.17370139062404633,"y":0.05875253304839134,"z":-0.010390893556177616,"w":-0.9830158948898315},"size":4.5855793952941898,"orthographic":false}